{"cameraMode":{"drawMode":0,"name":"Shaded","section":"Shading Mode"},"sceneLighting":true,"audioPlay":false,"sceneViewState":{"m_AlwaysRefresh":false,"showFog":true,"showSkybox":true,"showFlares":true,"showImageEffects":true,"showParticleSystems":true,"showVisualEffectGraphs":true,"m_FxEnabled":false},"in2DMode":false,"pivot":{"x":5.384302616119385,"y":8.594986915588379,"z":-2.5519561767578127},"rotation":{"x":-0.4124796986579895,"y":0.06549602001905441,"z":-0.029702771455049516,"w":-0.9082133173942566},"size":7.7196149826049809,"orthographic":false}